{"meta":{"version":1,"warehouse":"4.0.2"},"models":{"Asset":[{"_id":"themes/landscape/source/css/style.styl","path":"css/style.styl","modified":0,"renderable":1},{"_id":"themes/landscape/source/fancybox/fancybox_loading.gif","path":"fancybox/fancybox_loading.gif","modified":0,"renderable":1},{"_id":"themes/landscape/source/fancybox/blank.gif","path":"fancybox/blank.gif","modified":0,"renderable":1},{"_id":"themes/landscape/source/fancybox/fancybox_loading@2x.gif","path":"fancybox/fancybox_loading@2x.gif","modified":0,"renderable":1},{"_id":"themes/landscape/source/fancybox/fancybox_overlay.png","path":"fancybox/fancybox_overlay.png","modified":0,"renderable":1},{"_id":"themes/landscape/source/fancybox/fancybox_sprite.png","path":"fancybox/fancybox_sprite.png","modified":0,"renderable":1},{"_id":"themes/landscape/source/fancybox/fancybox_sprite@2x.png","path":"fancybox/fancybox_sprite@2x.png","modified":0,"renderable":1},{"_id":"themes/landscape/source/fancybox/jquery.fancybox.css","path":"fancybox/jquery.fancybox.css","modified":0,"renderable":1},{"_id":"themes/landscape/source/fancybox/jquery.fancybox.js","path":"fancybox/jquery.fancybox.js","modified":0,"renderable":1},{"_id":"themes/landscape/source/fancybox/jquery.fancybox.pack.js","path":"fancybox/jquery.fancybox.pack.js","modified":0,"renderable":1},{"_id":"themes/landscape/source/js/script.js","path":"js/script.js","modified":0,"renderable":1},{"_id":"themes/landscape/source/css/fonts/FontAwesome.otf","path":"css/fonts/FontAwesome.otf","modified":0,"renderable":1},{"_id":"themes/landscape/source/css/fonts/fontawesome-webfont.eot","path":"css/fonts/fontawesome-webfont.eot","modified":0,"renderable":1},{"_id":"themes/landscape/source/css/fonts/fontawesome-webfont.svg","path":"css/fonts/fontawesome-webfont.svg","modified":0,"renderable":1},{"_id":"themes/landscape/source/css/fonts/fontawesome-webfont.woff","path":"css/fonts/fontawesome-webfont.woff","modified":0,"renderable":1},{"_id":"themes/landscape/source/css/fonts/fontawesome-webfont.ttf","path":"css/fonts/fontawesome-webfont.ttf","modified":0,"renderable":1},{"_id":"themes/landscape/source/css/images/banner.jpg","path":"css/images/banner.jpg","modified":0,"renderable":1},{"_id":"themes/landscape/source/fancybox/helpers/jquery.fancybox-buttons.css","path":"fancybox/helpers/jquery.fancybox-buttons.css","modified":0,"renderable":1},{"_id":"themes/landscape/source/fancybox/helpers/fancybox_buttons.png","path":"fancybox/helpers/fancybox_buttons.png","modified":0,"renderable":1},{"_id":"themes/landscape/source/fancybox/helpers/jquery.fancybox-buttons.js","path":"fancybox/helpers/jquery.fancybox-buttons.js","modified":0,"renderable":1},{"_id":"themes/landscape/source/fancybox/helpers/jquery.fancybox-thumbs.css","path":"fancybox/helpers/jquery.fancybox-thumbs.css","modified":0,"renderable":1},{"_id":"themes/landscape/source/fancybox/helpers/jquery.fancybox-media.js","path":"fancybox/helpers/jquery.fancybox-media.js","modified":0,"renderable":1},{"_id":"themes/landscape/source/fancybox/helpers/jquery.fancybox-thumbs.js","path":"fancybox/helpers/jquery.fancybox-thumbs.js","modified":0,"renderable":1},{"_id":"themes/shoka/source/css/app.styl","path":"css/app.styl","modified":0,"renderable":1},{"_id":"themes/shoka/source/css/mermaid.styl","path":"css/mermaid.styl","modified":0,"renderable":1},{"_id":"themes/shoka/source/css/comment.styl","path":"css/comment.styl","modified":0,"renderable":1},{"_id":"themes/shoka/source/images/algolia_logo.svg","path":"images/algolia_logo.svg","modified":0,"renderable":1},{"_id":"themes/shoka/source/images/404.png","path":"images/404.png","modified":0,"renderable":1},{"_id":"themes/shoka/source/images/alipay.png","path":"images/alipay.png","modified":0,"renderable":1},{"_id":"themes/shoka/source/images/avatar.jpg","path":"images/avatar.jpg","modified":0,"renderable":1},{"_id":"themes/shoka/source/images/apple-touch-icon.png","path":"images/apple-touch-icon.png","modified":0,"renderable":1},{"_id":"themes/shoka/source/images/failure.ico","path":"images/failure.ico","modified":0,"renderable":1},{"_id":"themes/shoka/source/images/favicon.ico","path":"images/favicon.ico","modified":0,"renderable":1},{"_id":"themes/shoka/source/images/logo.svg","path":"images/logo.svg","modified":0,"renderable":1},{"_id":"themes/shoka/source/images/paypal.png","path":"images/paypal.png","modified":0,"renderable":1},{"_id":"themes/shoka/source/images/play_needle.png","path":"images/play_needle.png","modified":0,"renderable":1},{"_id":"themes/shoka/source/images/play_disc.png","path":"images/play_disc.png","modified":0,"renderable":1},{"_id":"themes/shoka/source/images/search.png","path":"images/search.png","modified":0,"renderable":1},{"_id":"themes/shoka/source/images/wechatpay.png","path":"images/wechatpay.png","modified":0,"renderable":1}],"Cache":[{"_id":"source/_posts/hello-world.md","hash":"7d98d6592de80fdcd2949bd7401cec12afd98cdf","modified":1666432789061},{"_id":"themes/landscape/.npmignore","hash":"58d26d4b5f2f94c2d02a4e4a448088e4a2527c77","modified":1666432780439},{"_id":"themes/landscape/Gruntfile.js","hash":"71adaeaac1f3cc56e36c49d549b8d8a72235c9b9","modified":1666432788232},{"_id":"themes/landscape/LICENSE","hash":"c480fce396b23997ee23cc535518ffaaf7f458f8","modified":1666432780441},{"_id":"themes/landscape/_config.yml","hash":"79ac6b9ed6a4de5a21ea53fc3f5a3de92e2475ff","modified":1666432791913},{"_id":"themes/landscape/README.md","hash":"37fae88639ef60d63bd0de22314d7cc4c5d94b07","modified":1666432789063},{"_id":"themes/landscape/package.json","hash":"544f21a0b2c7034998b36ae94dba6e3e0f39f228","modified":1666432789060},{"_id":"themes/landscape/languages/de.yml","hash":"3ebf0775abbee928c8d7bda943c191d166ded0d3","modified":1666432791913},{"_id":"themes/landscape/languages/es.yml","hash":"76edb1171b86532ef12cfd15f5f2c1ac3949f061","modified":1666432791916},{"_id":"themes/landscape/languages/default.yml","hash":"3083f319b352d21d80fc5e20113ddf27889c9d11","modified":1666432791915},{"_id":"themes/landscape/languages/ja.yml","hash":"a73e1b9c80fd6e930e2628b393bfe3fb716a21a9","modified":1666432791916},{"_id":"themes/landscape/languages/fr.yml","hash":"415e1c580ced8e4ce20b3b0aeedc3610341c76fb","modified":1666432791916},{"_id":"themes/landscape/languages/ko.yml","hash":"881d6a0a101706e0452af81c580218e0bfddd9cf","modified":1666432791917},{"_id":"themes/landscape/languages/no.yml","hash":"965a171e70347215ec726952e63f5b47930931ef","modified":1666432791917},{"_id":"themes/landscape/languages/nl.yml","hash":"12ed59faba1fc4e8cdd1d42ab55ef518dde8039c","modified":1666432791917},{"_id":"themes/landscape/languages/pt.yml","hash":"57d07b75d434fbfc33b0ddb543021cb5f53318a8","modified":1666432791918},{"_id":"themes/landscape/languages/ru.yml","hash":"4fda301bbd8b39f2c714e2c934eccc4b27c0a2b0","modified":1666432791918},{"_id":"themes/landscape/languages/zh-TW.yml","hash":"53ce3000c5f767759c7d2c4efcaa9049788599c3","modified":1666432791919},{"_id":"themes/landscape/layout/archive.ejs","hash":"2703b07cc8ac64ae46d1d263f4653013c7e1666b","modified":1666432780445},{"_id":"themes/landscape/languages/zh-CN.yml","hash":"ca40697097ab0b3672a80b455d3f4081292d1eed","modified":1666432791918},{"_id":"themes/landscape/layout/category.ejs","hash":"765426a9c8236828dc34759e604cc2c52292835a","modified":1666432780446},{"_id":"themes/landscape/layout/layout.ejs","hash":"f155824ca6130080bb057fa3e868a743c69c4cf5","modified":1666432780449},{"_id":"themes/landscape/scripts/fancybox.js","hash":"aa411cd072399df1ddc8e2181a3204678a5177d9","modified":1666432788230},{"_id":"themes/landscape/layout/page.ejs","hash":"7d80e4e36b14d30a7cd2ac1f61376d9ebf264e8b","modified":1666432781356},{"_id":"themes/landscape/layout/index.ejs","hash":"aa1b4456907bdb43e629be3931547e2d29ac58c8","modified":1666432780449},{"_id":"themes/landscape/layout/_partial/after-footer.ejs","hash":"d0d753d39038284d52b10e5075979cc97db9cd20","modified":1666432780444},{"_id":"themes/landscape/layout/post.ejs","hash":"7d80e4e36b14d30a7cd2ac1f61376d9ebf264e8b","modified":1666432781356},{"_id":"themes/landscape/layout/_partial/archive-post.ejs","hash":"c7a71425a946d05414c069ec91811b5c09a92c47","modified":1666432780444},{"_id":"themes/landscape/layout/tag.ejs","hash":"eaa7b4ccb2ca7befb90142e4e68995fb1ea68b2e","modified":1666432781358},{"_id":"themes/landscape/layout/_partial/archive.ejs","hash":"950ddd91db8718153b329b96dc14439ab8463ba5","modified":1666432780444},{"_id":"themes/landscape/layout/_partial/article.ejs","hash":"c4c835615d96a950d51fa2c3b5d64d0596534fed","modified":1666432780446},{"_id":"themes/landscape/layout/_partial/footer.ejs","hash":"93518893cf91287e797ebac543c560e2a63b8d0e","modified":1666432780447},{"_id":"themes/landscape/layout/_partial/google-analytics.ejs","hash":"f921e7f9223d7c95165e0f835f353b2938e40c45","modified":1666432780448},{"_id":"themes/landscape/layout/_partial/gauges-analytics.ejs","hash":"aad6312ac197d6c5aaf2104ac863d7eba46b772a","modified":1666432780447},{"_id":"themes/landscape/layout/_partial/head.ejs","hash":"5abf77aec957d9445fc71a8310252f0013c84578","modified":1666432780448},{"_id":"themes/landscape/layout/_partial/mobile-nav.ejs","hash":"e952a532dfc583930a666b9d4479c32d4a84b44e","modified":1666432781353},{"_id":"themes/landscape/layout/_widget/archive.ejs","hash":"beb4a86fcc82a9bdda9289b59db5a1988918bec3","modified":1666432780445},{"_id":"themes/landscape/layout/_partial/header.ejs","hash":"7e749050be126eadbc42decfbea75124ae430413","modified":1666432780448},{"_id":"themes/landscape/layout/_partial/sidebar.ejs","hash":"930da35cc2d447a92e5ee8f835735e6fd2232469","modified":1666432781357},{"_id":"themes/landscape/layout/_widget/category.ejs","hash":"dd1e5af3c6af3f5d6c85dfd5ca1766faed6a0b05","modified":1666432780446},{"_id":"themes/landscape/source/css/_extend.styl","hash":"222fbe6d222531d61c1ef0f868c90f747b1c2ced","modified":1666432789843},{"_id":"themes/landscape/layout/_widget/tagcloud.ejs","hash":"b4a2079101643f63993dcdb32925c9b071763b46","modified":1666432781359},{"_id":"themes/landscape/layout/_widget/recent_posts.ejs","hash":"0d4f064733f8b9e45c0ce131fe4a689d570c883a","modified":1666432781356},{"_id":"themes/landscape/layout/_widget/tag.ejs","hash":"2de380865df9ab5f577f7d3bcadf44261eb5faae","modified":1666432781358},{"_id":"themes/landscape/source/css/style.styl","hash":"a70d9c44dac348d742702f6ba87e5bb3084d65db","modified":1666432789849},{"_id":"themes/landscape/source/css/_variables.styl","hash":"628e307579ea46b5928424313993f17b8d729e92","modified":1666432789843},{"_id":"themes/landscape/source/fancybox/fancybox_loading.gif","hash":"1a755fb2599f3a313cc6cfdb14df043f8c14a99c","modified":1666432783129},{"_id":"themes/landscape/source/fancybox/blank.gif","hash":"2daeaa8b5f19f0bc209d976c02bd6acb51b00b0a","modified":1666432782537},{"_id":"themes/landscape/source/fancybox/fancybox_loading@2x.gif","hash":"273b123496a42ba45c3416adb027cd99745058b0","modified":1666432783131},{"_id":"themes/landscape/source/fancybox/fancybox_overlay.png","hash":"b3a4ee645ba494f52840ef8412015ba0f465dbe0","modified":1666432789829},{"_id":"themes/landscape/source/fancybox/fancybox_sprite.png","hash":"17df19f97628e77be09c352bf27425faea248251","modified":1666432789830},{"_id":"themes/landscape/source/fancybox/fancybox_sprite@2x.png","hash":"30c58913f327e28f466a00f4c1ac8001b560aed8","modified":1666432789842},{"_id":"themes/landscape/source/fancybox/jquery.fancybox.css","hash":"aaa582fb9eb4b7092dc69fcb2d5b1c20cca58ab6","modified":1666432780443},{"_id":"themes/landscape/source/fancybox/jquery.fancybox.js","hash":"d08b03a42d5c4ba456ef8ba33116fdbb7a9cabed","modified":1666432789058},{"_id":"themes/landscape/source/fancybox/jquery.fancybox.pack.js","hash":"9e0d51ca1dbe66f6c0c7aefd552dc8122e694a6e","modified":1666432789058},{"_id":"themes/landscape/layout/_partial/post/category.ejs","hash":"c6bcd0e04271ffca81da25bcff5adf3d46f02fc0","modified":1666432780446},{"_id":"themes/landscape/source/js/script.js","hash":"2876e0b19ce557fca38d7c6f49ca55922ab666a1","modified":1666432789059},{"_id":"themes/landscape/layout/_partial/post/date.ejs","hash":"6197802873157656e3077c5099a7dda3d3b01c29","modified":1666432780446},{"_id":"themes/landscape/layout/_partial/post/tag.ejs","hash":"2fcb0bf9c8847a644167a27824c9bb19ac74dd14","modified":1666432781358},{"_id":"themes/landscape/source/css/_partial/article.styl","hash":"10685f8787a79f79c9a26c2f943253450c498e3e","modified":1666432789845},{"_id":"themes/landscape/source/css/_partial/comment.styl","hash":"79d280d8d203abb3bd933ca9b8e38c78ec684987","modified":1666432789846},{"_id":"themes/landscape/layout/_partial/post/nav.ejs","hash":"16a904de7bceccbb36b4267565f2215704db2880","modified":1666432781355},{"_id":"themes/landscape/source/css/_partial/archive.styl","hash":"db15f5677dc68f1730e82190bab69c24611ca292","modified":1666432789845},{"_id":"themes/landscape/layout/_partial/post/title.ejs","hash":"2f275739b6f1193c123646a5a31f37d48644c667","modified":1666432781359},{"_id":"themes/landscape/layout/_partial/post/gallery.ejs","hash":"3d9d81a3c693ff2378ef06ddb6810254e509de5b","modified":1666432780447},{"_id":"themes/landscape/source/css/_partial/footer.styl","hash":"e35a060b8512031048919709a8e7b1ec0e40bc1b","modified":1666432789846},{"_id":"themes/landscape/source/css/_partial/highlight.styl","hash":"bf4e7be1968dad495b04e83c95eac14c4d0ad7c0","modified":1666432789847},{"_id":"themes/landscape/source/css/_partial/mobile.styl","hash":"a399cf9e1e1cec3e4269066e2948d7ae5854d745","modified":1666432789848},{"_id":"themes/landscape/source/css/_partial/header.styl","hash":"85ab11e082f4dd86dde72bed653d57ec5381f30c","modified":1666432789847},{"_id":"themes/landscape/source/css/_partial/sidebar-aside.styl","hash":"890349df5145abf46ce7712010c89237900b3713","modified":1666432789848},{"_id":"themes/landscape/source/css/_partial/sidebar-bottom.styl","hash":"8fd4f30d319542babfd31f087ddbac550f000a8a","modified":1666432789849},{"_id":"themes/landscape/source/css/_partial/sidebar.styl","hash":"404ec059dc674a48b9ab89cd83f258dec4dcb24d","modified":1666432789849},{"_id":"themes/landscape/source/css/_util/mixin.styl","hash":"44f32767d9fd3c1c08a60d91f181ee53c8f0dbb3","modified":1666432789848},{"_id":"themes/landscape/source/css/_util/grid.styl","hash":"0bf55ee5d09f193e249083602ac5fcdb1e571aed","modified":1666432789847},{"_id":"themes/landscape/source/css/fonts/FontAwesome.otf","hash":"b5b4f9be85f91f10799e87a083da1d050f842734","modified":1666432789827},{"_id":"themes/landscape/source/css/fonts/fontawesome-webfont.eot","hash":"7619748fe34c64fb157a57f6d4ef3678f63a8f5e","modified":1666432782536},{"_id":"themes/landscape/source/css/fonts/fontawesome-webfont.woff","hash":"04c3bf56d87a0828935bd6b4aee859995f321693","modified":1666432791909},{"_id":"themes/landscape/source/fancybox/helpers/jquery.fancybox-buttons.css","hash":"1a9d8e5c22b371fcc69d4dbbb823d9c39f04c0c8","modified":1666432780442},{"_id":"themes/landscape/source/fancybox/helpers/fancybox_buttons.png","hash":"e385b139516c6813dcd64b8fc431c364ceafe5f3","modified":1666432789828},{"_id":"themes/landscape/source/fancybox/helpers/jquery.fancybox-thumbs.css","hash":"4ac329c16a5277592fc12a37cca3d72ca4ec292f","modified":1666432780442},{"_id":"themes/landscape/source/fancybox/helpers/jquery.fancybox-media.js","hash":"294420f9ff20f4e3584d212b0c262a00a96ecdb3","modified":1666432788234},{"_id":"themes/landscape/source/fancybox/helpers/jquery.fancybox-thumbs.js","hash":"47da1ae5401c24b5c17cc18e2730780f5c1a7a0c","modified":1666432788235},{"_id":"themes/landscape/source/fancybox/helpers/jquery.fancybox-buttons.js","hash":"dc3645529a4bf72983a39fa34c1eb9146e082019","modified":1666432788234},{"_id":"themes/landscape/source/css/fonts/fontawesome-webfont.ttf","hash":"7f09c97f333917034ad08fa7295e916c9f72fd3f","modified":1666432791303},{"_id":"themes/landscape/source/css/fonts/fontawesome-webfont.svg","hash":"46fcc0194d75a0ddac0a038aee41b23456784814","modified":1666432790415},{"_id":"themes/landscape/source/css/images/banner.jpg","hash":"f44aa591089fcb3ec79770a1e102fd3289a7c6a6","modified":1666432788223},{"_id":"themes/shoka/.editorconfig","hash":"57f50fc69fdc98a28c9bb04c338865a8b267b4bc","modified":1666445214047},{"_id":"themes/shoka/LICENSE","hash":"1a301f54567fbcd67fc138c37071b96ac9e670a1","modified":1666445214048},{"_id":"themes/shoka/README.md","hash":"162ec0ffef6a69e09c9b00dbc9a8f400b3826fac","modified":1666445214048},{"_id":"themes/shoka/.gitignore","hash":"bfd7d4c19270c8b349107ffb26f50302943571a9","modified":1666445214047},{"_id":"themes/shoka/_config.yml","hash":"5afc7fdcc8b8468a6980d7a9d28917ed581e5a75","modified":1666446075397},{"_id":"themes/shoka/_images.yml","hash":"bca089255d50638a65fe91b58cd94aff42d9f49c","modified":1666445214049},{"_id":"themes/shoka/package.json","hash":"78e368a218a687a4a0d1936fc723e2e6fca2bdfb","modified":1666445214077},{"_id":"themes/shoka/example/_config.shoka.yml","hash":"ab07b1fd050e985e120d0e1797c588c721ac1772","modified":1666445214050},{"_id":"themes/shoka/example/package.json","hash":"4744a2d23b4558be8932df77989c2ba133f0388e","modified":1666445214050},{"_id":"themes/shoka/languages/default.yml","hash":"da38f00bb45a318f118db0d74df24a137351777e","modified":1666445214068},{"_id":"themes/shoka/example/_config.yml","hash":"a6596f241cd5d2e970c025cf927d54ed226e9ec0","modified":1666445214050},{"_id":"themes/shoka/languages/README.md","hash":"d40601b23836327a36b0d75361f57e95413c50b3","modified":1666445214068},{"_id":"themes/shoka/languages/ja.yml","hash":"579f9e79003eb37a9c68346db0961bff4d9f6a03","modified":1666445214068},{"_id":"themes/shoka/languages/en.yml","hash":"41fb069ee781a9b36be8257627a0f5bd9479cf7f","modified":1666445214068},{"_id":"themes/shoka/languages/zh-CN.yml","hash":"d2cac0184e803ec1947187b23979e24065184ad4","modified":1666445214068},{"_id":"themes/shoka/languages/zh-HK.yml","hash":"85a4b1ecd3a36b2e92ebe923495aab1682359e3c","modified":1666445214068},{"_id":"themes/shoka/languages/zh-TW.yml","hash":"060f1886301e9c13241b63c2b5983ebc9f35acaa","modified":1666445214069},{"_id":"themes/shoka/layout/archive.njk","hash":"01847f527849426aab8fcad795597a7076d761fd","modified":1666445214076},{"_id":"themes/shoka/layout/category.njk","hash":"11a604e3285262d34368b1eb1bf6ff8349c3345f","modified":1666445214076},{"_id":"themes/shoka/layout/page.njk","hash":"2dac7be8699c8ad6364831eac2ab0167dba7c689","modified":1666445214076},{"_id":"themes/shoka/layout/post.njk","hash":"7213742682ed6c759f6078809b404401ea1784c0","modified":1666445214077},{"_id":"themes/shoka/layout/index.njk","hash":"561b703a552bf6afaa76a128945a1cc26df3f865","modified":1666445214076},{"_id":"themes/shoka/layout/tag.njk","hash":"f1e9539c178db724961e04bcc08fa94279aae4b1","modified":1666445214077},{"_id":"themes/shoka/layout/_macro/breadcrumb.njk","hash":"1dc8ee1de2c20d514c251145d00536d9b0170335","modified":1666445214071},{"_id":"themes/shoka/layout/_macro/card.njk","hash":"0dfd6a2e21119131566f03d7bebedda15d4261b0","modified":1666445214071},{"_id":"themes/shoka/layout/_macro/comment.njk","hash":"fc91ceb0b2c86a38839cef84f50487f119367cd7","modified":1666445214071},{"_id":"themes/shoka/layout/_macro/segment.njk","hash":"c8e21eeea552c7c685e50252d1983785edc6a29a","modified":1666445214071},{"_id":"themes/shoka/layout/_macro/sidebar.njk","hash":"7f170b2649f09e88933de4121803990baf5d4022","modified":1666445214072},{"_id":"themes/shoka/layout/_macro/widgets.njk","hash":"1045129c1163e603e9a927161417354758602737","modified":1666445214072},{"_id":"themes/shoka/layout/_macro/postmeta.njk","hash":"11e73da9e907e20ea81b920c47265e88fb5d210c","modified":1666445214071},{"_id":"themes/shoka/layout/_alternate/atom.ejs","hash":"4b40589945713ab19eea69902b0768fc69ec1027","modified":1666445214070},{"_id":"themes/shoka/layout/_partials/footer.njk","hash":"4aabeeac4cec09a868aed39282c9d3b3a23e38ba","modified":1666445214072},{"_id":"themes/shoka/layout/_partials/header.njk","hash":"370b4ae76844b6659ad4dc506a37d6ac9bcead20","modified":1666445214073},{"_id":"themes/shoka/layout/_alternate/json.ejs","hash":"74975fb6d1ca1099cd843c180ce49353b2061c53","modified":1666445214070},{"_id":"themes/shoka/layout/_alternate/rss.ejs","hash":"bd8df7a85959df3231b0bb617d7b5d05a98c48de","modified":1666445214070},{"_id":"themes/shoka/layout/_partials/layout.njk","hash":"322cd6927edccbd47eafb63097181ad115a9a4d5","modified":1666445214073},{"_id":"themes/shoka/layout/_partials/pagination.njk","hash":"676ef88ab76d735696f6e8c04338eb3887fb63cc","modified":1666445214074},{"_id":"themes/shoka/scripts/helpers/asset.js","hash":"df236860cd91a1c6ffc78ffb4156730d6a59c5d1","modified":1666445214081},{"_id":"themes/shoka/scripts/filters/post.js","hash":"44069b5007b3a692eba70dd9354fc0f4dd27d5ed","modified":1666445214080},{"_id":"themes/shoka/scripts/helpers/engine.js","hash":"02bdf84317ddb775cbb5fcdb9ad70c1cb5631ffd","modified":1666445214081},{"_id":"themes/shoka/scripts/helpers/list_categories.js","hash":"84507e35a428179bd5838fe80d527a9433916391","modified":1666445214082},{"_id":"themes/shoka/scripts/generaters/archive.js","hash":"a6f87b628f6125cc2614f7214e2ef2995a084663","modified":1666445214080},{"_id":"themes/shoka/scripts/generaters/config.js","hash":"8b9aebab15e192f3a5bc2539ce3aeaddbee98be8","modified":1666445214080},{"_id":"themes/shoka/scripts/filters/locals.js","hash":"63ada9722d96f021f1cd398bbe7bb4991dde1231","modified":1666445214079},{"_id":"themes/shoka/scripts/generaters/images.js","hash":"fcf3d1802c4bb5ff6f2683987f048371e2d00488","modified":1666445214080},{"_id":"themes/shoka/scripts/generaters/pages.js","hash":"dd8bb4adec63efa8efc282febd4da989e1523262","modified":1666445214081},{"_id":"themes/shoka/scripts/generaters/index.js","hash":"27b52046c1452b8cb7ca1f64f1eff3d8ad4b0ab6","modified":1666445214080},{"_id":"themes/shoka/scripts/tags/links.js","hash":"ac5844307e62693a9add08b89d9ec4d6aa5bc25e","modified":1666445214082},{"_id":"themes/shoka/scripts/renderer/njk.js","hash":"480f25325494e4caa04794cd496912f628ae2691","modified":1666445214082},{"_id":"themes/shoka/scripts/generaters/script.js","hash":"243e11786081d8d7d5d3b52338925a71c8da8e2c","modified":1666445214081},{"_id":"themes/shoka/scripts/tags/media.js","hash":"a0f66450f48a1ce0f6c532e687fc3ee85aeed175","modified":1666445214082},{"_id":"themes/shoka/source/css/_colors.styl","hash":"6cb23f12441e7517cc614336d867cfa2f35284d7","modified":1666445214083},{"_id":"themes/shoka/source/css/_mixins.styl","hash":"68c4bfee20cc6ee477548ce3e4e28e19697d8af3","modified":1666445214099},{"_id":"themes/shoka/source/css/_iconfont.styl","hash":"05117f95a16e5f7c08351492752994c03f185911","modified":1666445214098},{"_id":"themes/shoka/source/css/app.styl","hash":"572d20c4c574b87a2fc49290206c90c8baa7133d","modified":1666445214099},{"_id":"themes/shoka/source/css/_variables.styl","hash":"c939f1af34a0a8a6a37e6439a8b609a26c9e09d2","modified":1666445214099},{"_id":"themes/shoka/source/css/comment.styl","hash":"7502a76342c8d84e4a476b35a91fcec22a15cbed","modified":1666445214099},{"_id":"themes/shoka/source/css/mermaid.styl","hash":"ec821a3f997691b92b0926ba4534c94a795ef587","modified":1666445214099},{"_id":"themes/shoka/source/images/alipay.png","hash":"013436bac325a3a0c2c9b13a08312fc4e7025d69","modified":1666445214100},{"_id":"themes/shoka/source/images/avatar.jpg","hash":"93af0fd2ee6322c5c77760eefba6c81afa2e313e","modified":1666445214101},{"_id":"themes/shoka/source/images/apple-touch-icon.png","hash":"d4e5d65ff663cb71f43515e68d757cbae1ceb3ec","modified":1666445214100},{"_id":"themes/shoka/source/images/404.png","hash":"b7b18f6689d0a14041d87bab6c4e4ce567249d01","modified":1666445214100},{"_id":"themes/shoka/source/images/algolia_logo.svg","hash":"45eeea0b5fba833e21e38ea10ed5ab385ceb4f01","modified":1666445214100},{"_id":"themes/shoka/source/images/failure.ico","hash":"5eec5c163400d8ece74286da49130da1ead3f6f6","modified":1666445214101},{"_id":"themes/shoka/source/images/favicon.ico","hash":"8ae48d9e33b7593cd005aae88b755aa9ce129f0e","modified":1666445214101},{"_id":"themes/shoka/source/images/paypal.png","hash":"872d4b6d3cacee4845246fbf29817f1ee98bb037","modified":1666445214102},{"_id":"themes/shoka/source/images/logo.svg","hash":"830dfbd6dff2986130819f747b25db230b05ca84","modified":1666445214101},{"_id":"themes/shoka/source/images/play_needle.png","hash":"e0998828ab50ce37617f9f4d46b74648206ac852","modified":1666445214102},{"_id":"themes/shoka/source/images/play_disc.png","hash":"3cfa8dd2e12424c52d1f5e34e9502e446fecde9c","modified":1666445214102},{"_id":"themes/shoka/source/images/search.png","hash":"08c4f6a7a92eff3548aec94b267a23a25e6bd215","modified":1666445214102},{"_id":"themes/shoka/source/images/wechatpay.png","hash":"470a42ee16dd516580d5e51607f11dc353a49675","modified":1666445214103},{"_id":"themes/shoka/example/source/_data/custom.styl","hash":"d90bc10047d824d73d4f0ba10f81dfe1628558a0","modified":1666445214051},{"_id":"themes/shoka/example/source/_data/colors.styl","hash":"00b06d9366f6a477d02e94eea16bd07aafb7ff2f","modified":1666445214051},{"_id":"themes/shoka/example/source/_data/images.yml","hash":"bca089255d50638a65fe91b58cd94aff42d9f49c","modified":1666445214051},{"_id":"themes/shoka/example/source/_posts/categories.md","hash":"c1ca20b94100a77efc569f43986951a2551f6b64","modified":1666445214052},{"_id":"themes/shoka/example/source/_data/iconfont.styl","hash":"b3c284f5bf48ae84d4f016779cf43b67c87e0b87","modified":1666445214051},{"_id":"themes/shoka/example/source/_data/languages.yml","hash":"79b49c2d38c14e29274ebf461fbb3f83ea018fbb","modified":1666445214052},{"_id":"themes/shoka/example/source/_posts/code-highlight.md","hash":"607f8cf393ad1082398c7f5246e229405bda4de3","modified":1666445214052},{"_id":"themes/shoka/example/source/_posts/elements.md","hash":"66dde9f7cef1c9a90a15776b633c8ab4272ed826","modified":1666445214056},{"_id":"themes/shoka/example/source/_posts/excerpts.md","hash":"9f51babe45d9f45a04d1e6c52eb8a96b58478029","modified":1666445214056},{"_id":"themes/shoka/example/source/_posts/gallery-post.md","hash":"ae577f5171f0354fb0a3702da5bb8ba14372dc28","modified":1666445214056},{"_id":"themes/shoka/example/source/_posts/hello-world.md","hash":"ceb583413b760182a3c2463bf7f15c03328a37bc","modified":1666445214056},{"_id":"themes/shoka/example/source/_posts/images.md","hash":"f09b4339b8334584ec311be7e2a2e7e839bcfa04","modified":1666445214056},{"_id":"themes/shoka/example/source/_posts/link-post-without-title.md","hash":"811e7ec6f4ed747388e8255b27e482d04b304c51","modified":1666445214057},{"_id":"themes/shoka/example/source/_posts/link-post.md","hash":"ac9a280178ba63ccc3acc7540aa96db4d08b5b21","modified":1666445214057},{"_id":"themes/shoka/example/source/_posts/long-title.md","hash":"e11f04c88e453b6b265d634458a69d0124edc684","modified":1666445214057},{"_id":"themes/shoka/example/source/_posts/no-title.md","hash":"24536a15b2a9633d0a4dfad66c0ab51a683d78b5","modified":1666445214057},{"_id":"themes/shoka/example/source/_posts/markdown.md","hash":"7b03cdab8abff7010603ad0e66ef611564e08694","modified":1666445214057},{"_id":"themes/shoka/example/source/_posts/tag-plugins.md","hash":"35e8c2ca9e48d5653f8d69ef05a0221c1b207e4e","modified":1666445214058},{"_id":"themes/shoka/example/source/_posts/videos.md","hash":"32735a9b9f0370d49e0f4311c8bc1fbcfba98445","modified":1666445214058},{"_id":"themes/shoka/example/source/_posts/tags.md","hash":"788411e01f179f65bc6ea61c73601a0a4a1072d0","modified":1666445214058},{"_id":"themes/shoka/example/source/friends/index.md","hash":"c44fdf47aae95588c686a15fa2046ab9a4c09b9b","modified":1666445214067},{"_id":"themes/shoka/example/source/friends/_data.yml","hash":"1b090bd2f25f4d00471f31c4136141d4ad1ae19a","modified":1666445214067},{"_id":"themes/shoka/example/source/_posts/中文測試.md","hash":"0dd7c0e2e2242939b69dd6d66fe28f56b69ff65a","modified":1666445214058},{"_id":"themes/shoka/example/source/_posts/日本語テスト.md","hash":"5ae9b45f038baa96bd179b4ad0b03409e9a76bdb","modified":1666445214058},{"_id":"themes/shoka/layout/_partials/head/head.njk","hash":"91acf8eae82afe770d6f174a37c12b9617b0d97c","modified":1666445214073},{"_id":"themes/shoka/layout/_partials/head/head_unique.njk","hash":"afb09eeda0de5dd4df67ba80b58b9ace9eaf5e0d","modified":1666445214073},{"_id":"themes/shoka/layout/_partials/post/copyright.njk","hash":"b6aa82c28683bdb337920db718841bee207dc2d9","modified":1666445214074},{"_id":"themes/shoka/layout/_partials/post/footer.njk","hash":"8e7cae0c45bbc2cf3e91eac10ab319caa6b27d2e","modified":1666445214074},{"_id":"themes/shoka/layout/_partials/post/nav.njk","hash":"01e49cc56aa8722f0eb2739ce2e55080429e576e","modified":1666445214074},{"_id":"themes/shoka/layout/_partials/post/post.njk","hash":"e1846d51aca86c873f1c74152b80d50eec79507b","modified":1666445214074},{"_id":"themes/shoka/layout/_partials/sidebar/menu.njk","hash":"14192d78b637ca07ec4a0505268bfaecca2f0680","modified":1666445214075},{"_id":"themes/shoka/layout/_partials/third-party/baidu-analytics.njk","hash":"9f4568ede657e6844fe54e3cdf9635ecd94b2bf9","modified":1666445214076},{"_id":"themes/shoka/layout/_partials/sidebar/overview.njk","hash":"3c12aa376662f15366177792a35873f2344152b8","modified":1666445214075},{"_id":"themes/shoka/layout/_partials/post/reward.njk","hash":"f7185a561288a754beae1323a19c200b99dccd08","modified":1666445214075},{"_id":"themes/shoka/source/js/_app/global.js","hash":"a792824837bcf9cb90ec2c831dea2dc4de85cbf1","modified":1666445214103},{"_id":"themes/shoka/source/js/_app/page.js","hash":"d8a51bdd02bc839290df4ea9708a3e1cf39a823a","modified":1666445214104},{"_id":"themes/shoka/source/js/_app/fireworks.js","hash":"e4bf5a9955618bb43020e175e59e497b28c78131","modified":1666445214103},{"_id":"themes/shoka/source/js/_app/sidebar.js","hash":"1d532138431e98e28f7579a52b0e88909aba76e0","modified":1666445214105},{"_id":"themes/shoka/source/js/_app/utils.js","hash":"6e123d054bf003deb4fc5eb80cfec233e4941851","modified":1666445214105},{"_id":"themes/shoka/source/js/_app/player.js","hash":"d49cc563b239659d554c838f784af8244023f886","modified":1666445214104},{"_id":"themes/shoka/source/css/_common/components/components.styl","hash":"3677ba4471475026d232e3af00d5e6de027151e6","modified":1666445214083},{"_id":"themes/shoka/source/js/_app/pjax.js","hash":"0528d97ad162eb9f70e21540d993d48e6027ba2d","modified":1666445214104},{"_id":"themes/shoka/source/js/_app/dom.js","hash":"1bd152fc94f33793e71cada5ec8bbfd71e531d6c","modified":1666445214103},{"_id":"themes/shoka/source/css/_common/scaffolding/animate.styl","hash":"dda625de5efb0e5b53e81c9da053850e9767da22","modified":1666445214096},{"_id":"themes/shoka/source/css/_common/outline/mobile.styl","hash":"15c7be9e4e1b3c6b55e7beef5685898ae4f846ab","modified":1666445214094},{"_id":"themes/shoka/source/css/_common/outline/outline.styl","hash":"e107c799b88278db84a2d5a8819d17f48511f73e","modified":1666445214094},{"_id":"themes/shoka/source/css/_common/scaffolding/base.styl","hash":"415635fa6f145a53a10fa7f0b72247747530f9e7","modified":1666445214097},{"_id":"themes/shoka/source/css/_common/scaffolding/divider.styl","hash":"faa2e60cafdb0379f66a9ff7f9bd8e4d53551882","modified":1666445214097},{"_id":"themes/shoka/source/css/_common/scaffolding/iconfont.styl","hash":"b3c284f5bf48ae84d4f016779cf43b67c87e0b87","modified":1666445214097},{"_id":"themes/shoka/source/css/_common/scaffolding/pagination.styl","hash":"80bb3542fb6c7245f9f559c97938a65d29a61784","modified":1666445214097},{"_id":"themes/shoka/source/css/_common/scaffolding/buttons.styl","hash":"555c4b09c9970931e73abe544ae6356cf870670e","modified":1666445214097},{"_id":"themes/shoka/source/css/_common/scaffolding/normalize.styl","hash":"eea39861e6cb0cdc0e26d2f7878c2059991d3d40","modified":1666445214097},{"_id":"themes/shoka/source/css/_common/scaffolding/ribbon.styl","hash":"e9c99fbd15cb9b118091d6e9add6aaf2abd8ab7d","modified":1666445214098},{"_id":"themes/shoka/source/css/_common/scaffolding/scaffolding.styl","hash":"14295140c2e5e50545a9b8404839589d486d78c9","modified":1666445214098},{"_id":"themes/shoka/source/css/_common/scaffolding/scrollbar.styl","hash":"f34503ae1dce5bfc964d52f3f22601058fc7a907","modified":1666445214098},{"_id":"themes/shoka/source/css/_common/scaffolding/tables.styl","hash":"a67472f2b36047f5f1c2d85e398afe5003e06087","modified":1666445214098},{"_id":"themes/shoka/source/css/_common/scaffolding/toggles.styl","hash":"a71d609401001c9b15608d5276636180d49cf844","modified":1666445214098},{"_id":"themes/shoka/source/css/_common/scaffolding/tip.styl","hash":"ffdfdc91b9d29060a36bfdf92b746596fd05afd9","modified":1666445214098},{"_id":"themes/shoka/example/source/_posts/computer-science/note/cover.jpg","hash":"6d077a7330284d0fb2b79e96d7e5b56121395df3","modified":1666445214054},{"_id":"themes/shoka/example/source/_posts/computer-science/note/theme-shoka-doc.md","hash":"cd2c1d52df850bd7e8cc130bfb19ae6a5fc97f25","modified":1666445214054},{"_id":"themes/shoka/source/css/_common/components/highlight/operation.styl","hash":"f2ac0660d8f9e4d4582a4a8c4f97bd6d80162a6d","modified":1666445214084},{"_id":"themes/shoka/source/css/_common/components/highlight/highlight.styl","hash":"18be598f5f1d75cb4869adcd1ae47bd19456b2c5","modified":1666445214083},{"_id":"themes/shoka/source/css/_common/components/pages/home.styl","hash":"95ad71e89df31b58e9db37b4b0c092f2102f91b2","modified":1666445214084},{"_id":"themes/shoka/source/css/_common/components/pages/collapse.styl","hash":"a0ecc9afe8c03eae06075fc53c39057e05d22b1e","modified":1666445214084},{"_id":"themes/shoka/source/css/_common/components/pages/pages.styl","hash":"e2af0d359247a82dab6f8d6ce90d6b0d5fca4dc9","modified":1666445214084},{"_id":"themes/shoka/source/css/_common/components/tags/container.styl","hash":"541d71873e36373b671a7cec61ac10db48413d9f","modified":1666445214087},{"_id":"themes/shoka/source/css/_common/components/pages/tag-cloud.styl","hash":"2ebc481064dae0b593e8caff838044f92a5e2ef7","modified":1666445214084},{"_id":"themes/shoka/source/css/_common/components/tags/label.styl","hash":"dff26da9be9a7304780941b95d144d03e6b7b19b","modified":1666445214087},{"_id":"themes/shoka/source/css/_common/components/tags/collapse.styl","hash":"aa663a0fcee4138be9a3272172cd30b8118261df","modified":1666445214087},{"_id":"themes/shoka/source/css/_common/components/tags/links.styl","hash":"2732062ecaf3a5fec24442bf2fc25de7f4279ff9","modified":1666445214087},{"_id":"themes/shoka/source/css/_common/components/tags/note.styl","hash":"0eb5410344a0e4506b641689d6835ea8929553e8","modified":1666445214088},{"_id":"themes/shoka/source/css/_common/components/tags/list.styl","hash":"53ceac76fcaa1353cae910e80449810be0cc4254","modified":1666445214088},{"_id":"themes/shoka/source/css/_common/components/third-party/loading.styl","hash":"dc513c323ac3555a94e96809d57d09bc4d65fc2b","modified":1666445214089},{"_id":"themes/shoka/source/css/_common/components/tags/player.styl","hash":"f182dad19b6cc575a1631713a00fd7f0d4516c19","modified":1666445214088},{"_id":"themes/shoka/source/css/_common/components/tags/quiz.styl","hash":"cc0fbb250fdf00887c043e41f0cb777f4f46f992","modified":1666445214089},{"_id":"themes/shoka/source/css/_common/components/third-party/pace.styl","hash":"c93cb3a4715394f8a35db9bb65e03aea8bda45da","modified":1666445214091},{"_id":"themes/shoka/source/css/_common/components/third-party/search.styl","hash":"33b29d3782f058f2b8b89deb3f738fda2517ca4c","modified":1666445214091},{"_id":"themes/shoka/source/css/_common/components/third-party/theme.styl","hash":"2d112448cc435b58c57ebd9b31e016e6ae8af5d0","modified":1666445214091},{"_id":"themes/shoka/source/css/_common/components/third-party/third-party.styl","hash":"68ee764bfb8bb0bb478cd41c78895dd341600d26","modified":1666445214092},{"_id":"themes/shoka/source/css/_common/components/tags/tabs.styl","hash":"950cb00307208fbb332119796c4a1ac850f19941","modified":1666445214089},{"_id":"themes/shoka/source/css/_common/components/tags/tags.styl","hash":"b353f2dfc373508d0e0c798bd22107f63591054f","modified":1666445214089},{"_id":"themes/shoka/source/css/_common/components/third-party/valine.styl","hash":"59c69ea7817c0348872f865d406b9650814279ce","modified":1666445214092},{"_id":"themes/shoka/source/css/_common/components/post/breadcrumb.styl","hash":"43f7a0d6c7f7bde6a4e521acb67a5b0543a12b77","modified":1666445214085},{"_id":"themes/shoka/source/css/_common/components/third-party/widgets.styl","hash":"71fe298ba9de676ebc3c00febe10784aa7dc119a","modified":1666445214092},{"_id":"themes/shoka/source/css/_common/components/post/footer.styl","hash":"256f45905d0d1b17d74b6cbfebdc5ef7a107ed83","modified":1666445214085},{"_id":"themes/shoka/source/css/_common/components/post/expand.styl","hash":"ecd24e46405f6e2f08394d7e1e65c86b9294642f","modified":1666445214085},{"_id":"themes/shoka/source/css/_common/components/post/copyright.styl","hash":"0a3991a291b53301c6a3f5a86532ea75b8acf355","modified":1666445214085},{"_id":"themes/shoka/source/css/_common/components/post/header.styl","hash":"b1b13db6e10a9b46fbd052dc4db1aa1cfb97ab97","modified":1666445214085},{"_id":"themes/shoka/source/css/_common/components/post/nav.styl","hash":"7c8f1bf2c755b8c3d1a41eaf1aa6f59d3c23a4a2","modified":1666445214086},{"_id":"themes/shoka/source/css/_common/components/post/post.styl","hash":"510d1f7457c2191f8a7bd84ce79cc3c0aade44a8","modified":1666445214086},{"_id":"themes/shoka/source/css/_common/components/post/rtl.styl","hash":"4a431ec0b382ae6693f1aee54599da18eddc6a59","modified":1666445214087},{"_id":"themes/shoka/source/css/_common/components/post/reward.styl","hash":"897a0a0e37ed23ef8ca6c644b3794cf8c32f1650","modified":1666445214086},{"_id":"themes/shoka/source/css/_common/outline/footer/footer.styl","hash":"66592076afe7b86b7962aac5451e0b5248d7172e","modified":1666445214093},{"_id":"themes/shoka/source/css/_common/components/post/tags.styl","hash":"e3348bf77b141068b91181655945277d6270312b","modified":1666445214087},{"_id":"themes/shoka/source/css/_common/outline/header/brand.styl","hash":"6335d84443326d19fff8e17f364d4cace8f19445","modified":1666445214093},{"_id":"themes/shoka/source/css/_common/outline/header/header.styl","hash":"ca7f94ebb0f3090405aab79889b81d4e708a6ab6","modified":1666445214093},{"_id":"themes/shoka/source/css/_common/outline/header/image.styl","hash":"0777d91cbc7e228426c46ee97627a32054526013","modified":1666445214093},{"_id":"themes/shoka/source/css/_common/outline/header/menu.styl","hash":"3b309ade55860b4d8c693b336a33e470436a32b7","modified":1666445214093},{"_id":"themes/shoka/source/css/_common/outline/header/nav.styl","hash":"b267a98cfee639dad82e0889b29ac5bee2634ab6","modified":1666445214093},{"_id":"themes/shoka/source/css/_common/outline/header/right.styl","hash":"d9a7f9923ea7ad2b3aeda9ce7140697f9d094054","modified":1666445214093},{"_id":"themes/shoka/source/css/_common/outline/header/waves.styl","hash":"f9e6ae9e36429568c0323a112f39d6ea2baaefd6","modified":1666445214094},{"_id":"themes/shoka/source/css/_common/outline/header/tool.styl","hash":"1fa043670ba8cc2a4c86081e5dd88e9ed4b1f978","modified":1666445214094},{"_id":"themes/shoka/source/css/_common/outline/sidebar/dimmer.styl","hash":"66f159f21cafe1dc71570f7018678a0a3862c175","modified":1666445214094},{"_id":"themes/shoka/source/css/_common/outline/sidebar/author.styl","hash":"a09b34b35d31a4b8e275bfbb92efa48fe6608d2f","modified":1666445214094},{"_id":"themes/shoka/source/css/_common/outline/sidebar/menu.styl","hash":"46df47361148673e6c2ce114b4f498be63c0e4ab","modified":1666445214094},{"_id":"themes/shoka/source/css/_common/outline/sidebar/related.styl","hash":"e300d2ec33fb7bfbc9310578b8891eb6cd137e86","modified":1666445214095},{"_id":"themes/shoka/source/css/_common/outline/sidebar/quick.styl","hash":"01b34ce24ad3dde1147c8f3a6babd70e3d45b461","modified":1666445214095},{"_id":"themes/shoka/source/css/_common/outline/sidebar/sidebar.styl","hash":"6a1a13ecc6de3ceba1957f95aa852d440abaae9b","modified":1666445214095},{"_id":"themes/shoka/source/css/_common/outline/sidebar/social.styl","hash":"33f6459f44e15ef3320e3b208e5345ff1d0cee5f","modified":1666445214095},{"_id":"themes/shoka/source/css/_common/outline/sidebar/state.styl","hash":"c2eaaba4c35df5253ae236318b5e6f76861d37f8","modified":1666445214095},{"_id":"themes/shoka/source/css/_common/outline/sidebar/toc.styl","hash":"5836be92d4d153bd44ff86fe05e0ce83b11ae569","modified":1666445214096},{"_id":"themes/shoka/source/css/_common/outline/sidebar/tab.styl","hash":"b6f604f7293230d0113dabe5deeb61b809fdf035","modified":1666445214095},{"_id":"themes/shoka/example/source/_posts/computer-science/note/theme-shoka-doc/config.md","hash":"19c4015857b6953da18628967b7a0b84e624a43d","modified":1666445214054},{"_id":"themes/shoka/example/source/_posts/computer-science/note/theme-shoka-doc/special.md","hash":"3c0c0bf6b7cd1ab3c12e0d097330937a2803ed10","modified":1666445214055},{"_id":"themes/shoka/example/source/_posts/computer-science/java/course-1/cover.jpg","hash":"57341ddf90eeb71d0b9a3fef8cf1f094f9c299b3","modified":1666445214053},{"_id":"themes/shoka/example/source/_posts/computer-science/note/theme-shoka-doc/dependents.md","hash":"5048e40092f39f776060e083c822698e5842a3ea","modified":1666445214055},{"_id":"themes/shoka/example/source/_posts/computer-science/java/course-1/week-1.md","hash":"8284465659be7a4b7568244264bc236c01a6d1cb","modified":1666445214053},{"_id":"themes/shoka/example/source/_posts/computer-science/java/course-1/week-2.md","hash":"5efffda6c8abc24a1d4671c54928cfe7fb838ce5","modified":1666445214053},{"_id":"themes/shoka/source/css/_common/components/third-party/mermaid/class.styl","hash":"0d9b0d1d2ecf981b881e9416fc770d47f679a50f","modified":1666445214089},{"_id":"themes/shoka/example/source/_posts/computer-science/note/theme-shoka-doc/display.md","hash":"fce410e8e5756ea256c6a23ee688455bb8d51e93","modified":1666445214055},{"_id":"themes/shoka/source/css/_common/components/third-party/mermaid/gantt.styl","hash":"bae6617a32026891f510483aa6d25c70a82c5945","modified":1666445214090},{"_id":"themes/shoka/source/css/_common/components/third-party/mermaid/git.styl","hash":"a7e5f3bb9378b1a4fb0f710e28a02fd4fd1b3040","modified":1666445214090},{"_id":"themes/shoka/source/css/_common/components/third-party/mermaid/flowchart.styl","hash":"83296761c85b8e82d0757b1a4792a74d50509d2d","modified":1666445214089},{"_id":"themes/shoka/source/css/_common/components/third-party/mermaid/mermaid.styl","hash":"e54378b88ce839626bdbcb00676d79dbe70a742c","modified":1666445214090},{"_id":"themes/shoka/source/css/_common/components/third-party/mermaid/sequence.styl","hash":"7e91e07c39e1c1343626c8d5b9fecfebc6c086f6","modified":1666445214091},{"_id":"themes/shoka/source/css/_common/components/third-party/mermaid/state.styl","hash":"83d21d840bd2bc4249e2dced49efe8cef2281f05","modified":1666445214091},{"_id":"themes/shoka/source/css/_common/components/third-party/mermaid/pie.styl","hash":"bce4029a87d60ba40ff4faadb9d95c76b824141a","modified":1666445214090},{"_id":"themes/shoka/example/source/assets/wallpaper-2572384.jpg","hash":"1df3620ab8c69fe2498a746f8ead057162df0637","modified":1666445214061},{"_id":"themes/shoka/screenshot.png","hash":"676ab8bfe3fa106e5b88617ab377cd6b438cc0d9","modified":1666445214079},{"_id":"themes/shoka/example/source/assets/wallpaper-878514.jpg","hash":"9f9705a377c42320b335b3c66b023e62b80e56e3","modified":1666445214066},{"_id":"themes/shoka/example/source/assets/wallpaper-2311325.jpg","hash":"ddaaaeb4fa04a05c83053c1f8149720d18c9c8de","modified":1666445214060},{"_id":"source/_posts/測試.md","hash":"fedcb78433c6e73de63a9e988d4d8f89eb348b4d","modified":1666511844931}],"Category":[],"Data":[],"Page":[],"Post":[{"title":"Hello World","_content":"Welcome to [Hexo](https://hexo.io/)! This is your very first post. Check [documentation](https://hexo.io/docs/) for more info. If you get any problems when using Hexo, you can find the answer in [troubleshooting](https://hexo.io/docs/troubleshooting.html) or you can ask me on [GitHub](https://github.com/hexojs/hexo/issues).\n\n## Quick Start\n\n### Create a new post\n\n``` bash\n$ hexo new \"My New Post\"\n```\n\nMore info: [Writing](https://hexo.io/docs/writing.html)\n\n### Run server\n\n``` bash\n$ hexo server\n```\n\nMore info: [Server](https://hexo.io/docs/server.html)\n\n### Generate static files\n\n``` bash\n$ hexo generate\n```\n\nMore info: [Generating](https://hexo.io/docs/generating.html)\n\n### Deploy to remote sites\n\n``` bash\n$ hexo deploy\n```\n\nMore info: [Deployment](https://hexo.io/docs/one-command-deployment.html)\n","source":"_posts/hello-world.md","raw":"---\ntitle: Hello World\n---\nWelcome to [Hexo](https://hexo.io/)! This is your very first post. Check [documentation](https://hexo.io/docs/) for more info. If you get any problems when using Hexo, you can find the answer in [troubleshooting](https://hexo.io/docs/troubleshooting.html) or you can ask me on [GitHub](https://github.com/hexojs/hexo/issues).\n\n## Quick Start\n\n### Create a new post\n\n``` bash\n$ hexo new \"My New Post\"\n```\n\nMore info: [Writing](https://hexo.io/docs/writing.html)\n\n### Run server\n\n``` bash\n$ hexo server\n```\n\nMore info: [Server](https://hexo.io/docs/server.html)\n\n### Generate static files\n\n``` bash\n$ hexo generate\n```\n\nMore info: [Generating](https://hexo.io/docs/generating.html)\n\n### Deploy to remote sites\n\n``` bash\n$ hexo deploy\n```\n\nMore info: [Deployment](https://hexo.io/docs/one-command-deployment.html)\n","slug":"hello-world","published":1,"date":"2022-10-22T10:00:15.051Z","updated":"2022-10-22T09:59:49.061Z","comments":1,"layout":"post","photos":[],"link":"","_id":"cl9jyve430000xwxcb1p926y0","content":"<p>Welcome to <a href=\"https://hexo.io/\">Hexo</a>! This is your very first post. Check <a href=\"https://hexo.io/docs/\">documentation</a> for more info. If you get any problems when using Hexo, you can find the answer in <a href=\"https://hexo.io/docs/troubleshooting.html\">troubleshooting</a> or you can ask me on <a href=\"https://github.com/hexojs/hexo/issues\">GitHub</a>.</p>\n<h2 id=\"Quick-Start\"><a href=\"#Quick-Start\" class=\"headerlink\" title=\"Quick Start\"></a>Quick Start</h2><h3 id=\"Create-a-new-post\"><a href=\"#Create-a-new-post\" class=\"headerlink\" title=\"Create a new post\"></a>Create a new post</h3><pre><code class=\"bash\">$ hexo new &quot;My New Post&quot;\n</code></pre>\n<p>More info: <a href=\"https://hexo.io/docs/writing.html\">Writing</a></p>\n<h3 id=\"Run-server\"><a href=\"#Run-server\" class=\"headerlink\" title=\"Run server\"></a>Run server</h3><pre><code class=\"bash\">$ hexo server\n</code></pre>\n<p>More info: <a href=\"https://hexo.io/docs/server.html\">Server</a></p>\n<h3 id=\"Generate-static-files\"><a href=\"#Generate-static-files\" class=\"headerlink\" title=\"Generate static files\"></a>Generate static files</h3><pre><code class=\"bash\">$ hexo generate\n</code></pre>\n<p>More info: <a href=\"https://hexo.io/docs/generating.html\">Generating</a></p>\n<h3 id=\"Deploy-to-remote-sites\"><a href=\"#Deploy-to-remote-sites\" class=\"headerlink\" title=\"Deploy to remote sites\"></a>Deploy to remote sites</h3><pre><code class=\"bash\">$ hexo deploy\n</code></pre>\n<p>More info: <a href=\"https://hexo.io/docs/one-command-deployment.html\">Deployment</a></p>\n","site":{"data":{}},"length":363,"excerpt":"","more":"<p>Welcome to <a href=\"https://hexo.io/\">Hexo</a>! This is your very first post. Check <a href=\"https://hexo.io/docs/\">documentation</a> for more info. If you get any problems when using Hexo, you can find the answer in <a href=\"https://hexo.io/docs/troubleshooting.html\">troubleshooting</a> or you can ask me on <a href=\"https://github.com/hexojs/hexo/issues\">GitHub</a>.</p>\n<h2 id=\"Quick-Start\"><a href=\"#Quick-Start\" class=\"headerlink\" title=\"Quick Start\"></a>Quick Start</h2><h3 id=\"Create-a-new-post\"><a href=\"#Create-a-new-post\" class=\"headerlink\" title=\"Create a new post\"></a>Create a new post</h3><pre><code class=\"bash\">$ hexo new &quot;My New Post&quot;\n</code></pre>\n<p>More info: <a href=\"https://hexo.io/docs/writing.html\">Writing</a></p>\n<h3 id=\"Run-server\"><a href=\"#Run-server\" class=\"headerlink\" title=\"Run server\"></a>Run server</h3><pre><code class=\"bash\">$ hexo server\n</code></pre>\n<p>More info: <a href=\"https://hexo.io/docs/server.html\">Server</a></p>\n<h3 id=\"Generate-static-files\"><a href=\"#Generate-static-files\" class=\"headerlink\" title=\"Generate static files\"></a>Generate static files</h3><pre><code class=\"bash\">$ hexo generate\n</code></pre>\n<p>More info: <a href=\"https://hexo.io/docs/generating.html\">Generating</a></p>\n<h3 id=\"Deploy-to-remote-sites\"><a href=\"#Deploy-to-remote-sites\" class=\"headerlink\" title=\"Deploy to remote sites\"></a>Deploy to remote sites</h3><pre><code class=\"bash\">$ hexo deploy\n</code></pre>\n<p>More info: <a href=\"https://hexo.io/docs/one-command-deployment.html\">Deployment</a></p>\n"},{"abbrlink":"","date":"2022-10-23T07:56:09.000Z","title":"測試","updated":"2022-10-23T07:56:09.000Z","_content":"```\n# Qexo\n一个快速、强大、漂亮的在线 Hexo 编辑器，您的 Star 是对我最大的支持。 [Wiki](https://github.com/Qexo/Qexo/wiki)\n![](https://user-images.githubusercontent.com/51912589/159258766-19a1ce22-d34b-4b29-b291-7d70e8942859.png)\n## 特色功能\n- 自定义图床上传图片\n- 在线配置编辑\n- 在线页面管理\n- 开放 API\n- 自动检查更新\n- 在线一键更新\n- 快速接入友情链接\n- 简单的说说短文\n- 类似不算子的统计\n- 自动填文章模板\n## 你可能需要\n* [文档](https://github.com/Qexo/Qexo/wiki)\n### 快速上手\n* [Vercel 部署](https://github.com/am-abudu/Qexo/wiki/Vercel-%E9%83%A8%E7%BD%B2)\n* [服务器部署](https://github.com/am-abudu/Qexo/wiki/%E6%9C%8D%E5%8A%A1%E5%99%A8%E9%83%A8%E7%BD%B2)\n* [版本更新](https://github.com/am-abudu/Qexo/wiki/%E5%A6%82%E4%BD%95%E6%9B%B4%E6%96%B0)\n## 常见问题\n这里汇集了一些常见的问题，如果你遇到同样的问题，请先尝试如下的回答\n### 什么是 API 密钥\n在您完成初始化之后可在设置界面修改/创建 API 密钥，用于 Webhook 中的身份验证。若留空系统会随机生成一个 API 密钥\n### Webhook 是什么\nQexo 中的 Webhook 指 /api/webhook 用于自动化操作，目前可用于自动清除缓存\n### 安装后出现 504 Time out\n1. 您的数据库没有正确配置或没有允许所有 IP 白名单访问，可在 MongoDB 控制台进行修改，修改完成后**一定要重新部署**\n2. 删除并重建数据库，注意区域**一定要选择 AWS / N. Virginia (us-east-1)**\n### 安装/更新后出现 5xx 错误\nQexo 每个 Release 都经过 Dev 分支的测试，一般情况下不会出现较大问题，如果你遇到了500等错误，请尝试以下步骤\n1. 检查数据库配置\n2. 清除浏览器缓存\n3. 在高级设置中点击“修复”按钮\n4. 若无法登录请使用API: yoursite.com/pub/fix?token={$APIKEY}\n5. 保留数据库配置的环境变量并重新 Fork 仓库部署\n6. 重新部署整个程序\n7. 尝试 Dev 分支\n### AssertionError(\"xxx object ... its id attribute is set to None.\")\n请检查你是否曾使用过0.01或0.1版本，这两个版本有严重问题，请重新创建数据库并部署\n### 如何创建子目录下的文章\n在文章名一栏填写 dir/filename 例如您希望创建 source/_posts/about/me.md 则需要输入 about/me\n### KeyError: 'XXX'\n表示并没有获取到 \"XXX\" 这个环境变量，请根据表格添加后 Redeploy\n| 名称 | 意义 | 示例 |\n| --- | --- | --- |\n| DOMAINS | 你所允许通信的安全域名 注意双引号而且是英文半角 | [\".vercel.app\", \"127.0.0.1\", \".yoursite.com\"] |\n| MONGODB_HOST | MongoDB 数据库连接地址 | mongodb+srv://cluster0.xxxx.mongodb.net |\n| MONGODB_PORT | MongoDB 数据库通信端口 默认应填写 27017 | 27017 |\n| MONGODB_USER | MongoDB 数据库用户名 | abudu |\n| MONGODB_DB | MongoDB 数据库名 | Cluster0 |\n| MONGODB_PASS | MongoDB 数据库密码 | JWo0xxxxxxxx |\n### Github 配置校验错误\n如果配置中遇到问题，可以访问 [HPP校验助手](https://hexoplusplus.cronfly.workers.dev/?step=start) 自检配置，若确认无误，可检查仓库内是否有已经发布的文章\n\n注意：Github 仓库一定为您 Hexo **自动化部署**所在的仓库\n### Vercel 用量问题\nVercel 的无服务器函数用量对于 Qexo 来说是充裕的，但这依然抵挡不住有心之人的攻击行为，所以要保护好自己后台地址，不过好在 Vercel 不会随意扣费，所以在资源用完之后并不会产生费用，若依然不放心可以考虑部署在自己的服务器上 [#服务器部署#](https://github.com/am-abudu/Qexo/wiki/%E6%9C%8D%E5%8A%A1%E5%99%A8%E9%83%A8%E7%BD%B2)\n### 在线更新失败了\n检查高级设置中的 VERCEL_TOKEN 和 PROJECT_ID 是否正确为 Qexo 的部署项目\n### 其他问题\n如果还有问题，可以发 [issue](https://github.com/am-abudu/Qexo/issues) 或加入 [HexoPlusPlus交流群](https://jq.qq.com/?_wv=1027&k=rAcnhzqK) 询问\n\n## 鸣谢\n- [Ace](https://ace.c9.io/)\n- [Argon-Dashboard-Django](https://github.com/creativetimofficial/argon-dashboard-django)\n- [Bootstrap](https://getbootstrap.com/)\n- [Notyf](https://github.com/caroso1222/notyf)\n- [Django](https://github.com/django/django)\n- [Djongo](https://github.com/nesdis/djongo)\n- [HexoPlusPlus](https://github.com/HexoPlusPlus/HexoPlusPlus)\n- [jQuery](https://jquery.com/)\n- [OnePush](https://github.com/y1ndan/onepush)\n- [Vercel-Python-WSGI](https://github.com/ardnt/vercel-python-wsgi)\n\npip3 install -r requirements.txt\npython manage.py makemigrations\npython manage.py migrate\npython manage.py runserver 127.0.0.1:9999\n\n```\n","source":"_posts/測試.md","raw":"---\nabbrlink: ''\ncategories: []\ndate: '2022-10-23 15:56:09'\ntags: []\ntitle: 測試\nupdated: '2022-10-23 15:56:09'\n---\n```\n# Qexo\n一个快速、强大、漂亮的在线 Hexo 编辑器，您的 Star 是对我最大的支持。 [Wiki](https://github.com/Qexo/Qexo/wiki)\n![](https://user-images.githubusercontent.com/51912589/159258766-19a1ce22-d34b-4b29-b291-7d70e8942859.png)\n## 特色功能\n- 自定义图床上传图片\n- 在线配置编辑\n- 在线页面管理\n- 开放 API\n- 自动检查更新\n- 在线一键更新\n- 快速接入友情链接\n- 简单的说说短文\n- 类似不算子的统计\n- 自动填文章模板\n## 你可能需要\n* [文档](https://github.com/Qexo/Qexo/wiki)\n### 快速上手\n* [Vercel 部署](https://github.com/am-abudu/Qexo/wiki/Vercel-%E9%83%A8%E7%BD%B2)\n* [服务器部署](https://github.com/am-abudu/Qexo/wiki/%E6%9C%8D%E5%8A%A1%E5%99%A8%E9%83%A8%E7%BD%B2)\n* [版本更新](https://github.com/am-abudu/Qexo/wiki/%E5%A6%82%E4%BD%95%E6%9B%B4%E6%96%B0)\n## 常见问题\n这里汇集了一些常见的问题，如果你遇到同样的问题，请先尝试如下的回答\n### 什么是 API 密钥\n在您完成初始化之后可在设置界面修改/创建 API 密钥，用于 Webhook 中的身份验证。若留空系统会随机生成一个 API 密钥\n### Webhook 是什么\nQexo 中的 Webhook 指 /api/webhook 用于自动化操作，目前可用于自动清除缓存\n### 安装后出现 504 Time out\n1. 您的数据库没有正确配置或没有允许所有 IP 白名单访问，可在 MongoDB 控制台进行修改，修改完成后**一定要重新部署**\n2. 删除并重建数据库，注意区域**一定要选择 AWS / N. Virginia (us-east-1)**\n### 安装/更新后出现 5xx 错误\nQexo 每个 Release 都经过 Dev 分支的测试，一般情况下不会出现较大问题，如果你遇到了500等错误，请尝试以下步骤\n1. 检查数据库配置\n2. 清除浏览器缓存\n3. 在高级设置中点击“修复”按钮\n4. 若无法登录请使用API: yoursite.com/pub/fix?token={$APIKEY}\n5. 保留数据库配置的环境变量并重新 Fork 仓库部署\n6. 重新部署整个程序\n7. 尝试 Dev 分支\n### AssertionError(\"xxx object ... its id attribute is set to None.\")\n请检查你是否曾使用过0.01或0.1版本，这两个版本有严重问题，请重新创建数据库并部署\n### 如何创建子目录下的文章\n在文章名一栏填写 dir/filename 例如您希望创建 source/_posts/about/me.md 则需要输入 about/me\n### KeyError: 'XXX'\n表示并没有获取到 \"XXX\" 这个环境变量，请根据表格添加后 Redeploy\n| 名称 | 意义 | 示例 |\n| --- | --- | --- |\n| DOMAINS | 你所允许通信的安全域名 注意双引号而且是英文半角 | [\".vercel.app\", \"127.0.0.1\", \".yoursite.com\"] |\n| MONGODB_HOST | MongoDB 数据库连接地址 | mongodb+srv://cluster0.xxxx.mongodb.net |\n| MONGODB_PORT | MongoDB 数据库通信端口 默认应填写 27017 | 27017 |\n| MONGODB_USER | MongoDB 数据库用户名 | abudu |\n| MONGODB_DB | MongoDB 数据库名 | Cluster0 |\n| MONGODB_PASS | MongoDB 数据库密码 | JWo0xxxxxxxx |\n### Github 配置校验错误\n如果配置中遇到问题，可以访问 [HPP校验助手](https://hexoplusplus.cronfly.workers.dev/?step=start) 自检配置，若确认无误，可检查仓库内是否有已经发布的文章\n\n注意：Github 仓库一定为您 Hexo **自动化部署**所在的仓库\n### Vercel 用量问题\nVercel 的无服务器函数用量对于 Qexo 来说是充裕的，但这依然抵挡不住有心之人的攻击行为，所以要保护好自己后台地址，不过好在 Vercel 不会随意扣费，所以在资源用完之后并不会产生费用，若依然不放心可以考虑部署在自己的服务器上 [#服务器部署#](https://github.com/am-abudu/Qexo/wiki/%E6%9C%8D%E5%8A%A1%E5%99%A8%E9%83%A8%E7%BD%B2)\n### 在线更新失败了\n检查高级设置中的 VERCEL_TOKEN 和 PROJECT_ID 是否正确为 Qexo 的部署项目\n### 其他问题\n如果还有问题，可以发 [issue](https://github.com/am-abudu/Qexo/issues) 或加入 [HexoPlusPlus交流群](https://jq.qq.com/?_wv=1027&k=rAcnhzqK) 询问\n\n## 鸣谢\n- [Ace](https://ace.c9.io/)\n- [Argon-Dashboard-Django](https://github.com/creativetimofficial/argon-dashboard-django)\n- [Bootstrap](https://getbootstrap.com/)\n- [Notyf](https://github.com/caroso1222/notyf)\n- [Django](https://github.com/django/django)\n- [Djongo](https://github.com/nesdis/djongo)\n- [HexoPlusPlus](https://github.com/HexoPlusPlus/HexoPlusPlus)\n- [jQuery](https://jquery.com/)\n- [OnePush](https://github.com/y1ndan/onepush)\n- [Vercel-Python-WSGI](https://github.com/ardnt/vercel-python-wsgi)\n\npip3 install -r requirements.txt\npython manage.py makemigrations\npython manage.py migrate\npython manage.py runserver 127.0.0.1:9999\n\n```\n","slug":"測試","published":1,"comments":1,"layout":"post","photos":[],"link":"","_id":"cl9l25thx0000wgxcbfd009j2","content":"<pre><code># Qexo\n一个快速、强大、漂亮的在线 Hexo 编辑器，您的 Star 是对我最大的支持。 [Wiki](https://github.com/Qexo/Qexo/wiki)\n![](https://user-images.githubusercontent.com/51912589/159258766-19a1ce22-d34b-4b29-b291-7d70e8942859.png)\n## 特色功能\n- 自定义图床上传图片\n- 在线配置编辑\n- 在线页面管理\n- 开放 API\n- 自动检查更新\n- 在线一键更新\n- 快速接入友情链接\n- 简单的说说短文\n- 类似不算子的统计\n- 自动填文章模板\n## 你可能需要\n* [文档](https://github.com/Qexo/Qexo/wiki)\n### 快速上手\n* [Vercel 部署](https://github.com/am-abudu/Qexo/wiki/Vercel-%E9%83%A8%E7%BD%B2)\n* [服务器部署](https://github.com/am-abudu/Qexo/wiki/%E6%9C%8D%E5%8A%A1%E5%99%A8%E9%83%A8%E7%BD%B2)\n* [版本更新](https://github.com/am-abudu/Qexo/wiki/%E5%A6%82%E4%BD%95%E6%9B%B4%E6%96%B0)\n## 常见问题\n这里汇集了一些常见的问题，如果你遇到同样的问题，请先尝试如下的回答\n### 什么是 API 密钥\n在您完成初始化之后可在设置界面修改/创建 API 密钥，用于 Webhook 中的身份验证。若留空系统会随机生成一个 API 密钥\n### Webhook 是什么\nQexo 中的 Webhook 指 /api/webhook 用于自动化操作，目前可用于自动清除缓存\n### 安装后出现 504 Time out\n1. 您的数据库没有正确配置或没有允许所有 IP 白名单访问，可在 MongoDB 控制台进行修改，修改完成后**一定要重新部署**\n2. 删除并重建数据库，注意区域**一定要选择 AWS / N. Virginia (us-east-1)**\n### 安装/更新后出现 5xx 错误\nQexo 每个 Release 都经过 Dev 分支的测试，一般情况下不会出现较大问题，如果你遇到了500等错误，请尝试以下步骤\n1. 检查数据库配置\n2. 清除浏览器缓存\n3. 在高级设置中点击“修复”按钮\n4. 若无法登录请使用API: yoursite.com/pub/fix?token=&#123;$APIKEY&#125;\n5. 保留数据库配置的环境变量并重新 Fork 仓库部署\n6. 重新部署整个程序\n7. 尝试 Dev 分支\n### AssertionError(&quot;xxx object ... its id attribute is set to None.&quot;)\n请检查你是否曾使用过0.01或0.1版本，这两个版本有严重问题，请重新创建数据库并部署\n### 如何创建子目录下的文章\n在文章名一栏填写 dir/filename 例如您希望创建 source/_posts/about/me.md 则需要输入 about/me\n### KeyError: 'XXX'\n表示并没有获取到 &quot;XXX&quot; 这个环境变量，请根据表格添加后 Redeploy\n| 名称 | 意义 | 示例 |\n| --- | --- | --- |\n| DOMAINS | 你所允许通信的安全域名 注意双引号而且是英文半角 | [&quot;.vercel.app&quot;, &quot;127.0.0.1&quot;, &quot;.yoursite.com&quot;] |\n| MONGODB_HOST | MongoDB 数据库连接地址 | mongodb+srv://cluster0.xxxx.mongodb.net |\n| MONGODB_PORT | MongoDB 数据库通信端口 默认应填写 27017 | 27017 |\n| MONGODB_USER | MongoDB 数据库用户名 | abudu |\n| MONGODB_DB | MongoDB 数据库名 | Cluster0 |\n| MONGODB_PASS | MongoDB 数据库密码 | JWo0xxxxxxxx |\n### Github 配置校验错误\n如果配置中遇到问题，可以访问 [HPP校验助手](https://hexoplusplus.cronfly.workers.dev/?step=start) 自检配置，若确认无误，可检查仓库内是否有已经发布的文章\n\n注意：Github 仓库一定为您 Hexo **自动化部署**所在的仓库\n### Vercel 用量问题\nVercel 的无服务器函数用量对于 Qexo 来说是充裕的，但这依然抵挡不住有心之人的攻击行为，所以要保护好自己后台地址，不过好在 Vercel 不会随意扣费，所以在资源用完之后并不会产生费用，若依然不放心可以考虑部署在自己的服务器上 [#服务器部署#](https://github.com/am-abudu/Qexo/wiki/%E6%9C%8D%E5%8A%A1%E5%99%A8%E9%83%A8%E7%BD%B2)\n### 在线更新失败了\n检查高级设置中的 VERCEL_TOKEN 和 PROJECT_ID 是否正确为 Qexo 的部署项目\n### 其他问题\n如果还有问题，可以发 [issue](https://github.com/am-abudu/Qexo/issues) 或加入 [HexoPlusPlus交流群](https://jq.qq.com/?_wv=1027&amp;k=rAcnhzqK) 询问\n\n## 鸣谢\n- [Ace](https://ace.c9.io/)\n- [Argon-Dashboard-Django](https://github.com/creativetimofficial/argon-dashboard-django)\n- [Bootstrap](https://getbootstrap.com/)\n- [Notyf](https://github.com/caroso1222/notyf)\n- [Django](https://github.com/django/django)\n- [Djongo](https://github.com/nesdis/djongo)\n- [HexoPlusPlus](https://github.com/HexoPlusPlus/HexoPlusPlus)\n- [jQuery](https://jquery.com/)\n- [OnePush](https://github.com/y1ndan/onepush)\n- [Vercel-Python-WSGI](https://github.com/ardnt/vercel-python-wsgi)\n\npip3 install -r requirements.txt\npython manage.py makemigrations\npython manage.py migrate\npython manage.py runserver 127.0.0.1:9999\n\n</code></pre>\n","site":{"data":{}},"length":2857,"excerpt":"","more":"<pre><code># Qexo\n一个快速、强大、漂亮的在线 Hexo 编辑器，您的 Star 是对我最大的支持。 [Wiki](https://github.com/Qexo/Qexo/wiki)\n![](https://user-images.githubusercontent.com/51912589/159258766-19a1ce22-d34b-4b29-b291-7d70e8942859.png)\n## 特色功能\n- 自定义图床上传图片\n- 在线配置编辑\n- 在线页面管理\n- 开放 API\n- 自动检查更新\n- 在线一键更新\n- 快速接入友情链接\n- 简单的说说短文\n- 类似不算子的统计\n- 自动填文章模板\n## 你可能需要\n* [文档](https://github.com/Qexo/Qexo/wiki)\n### 快速上手\n* [Vercel 部署](https://github.com/am-abudu/Qexo/wiki/Vercel-%E9%83%A8%E7%BD%B2)\n* [服务器部署](https://github.com/am-abudu/Qexo/wiki/%E6%9C%8D%E5%8A%A1%E5%99%A8%E9%83%A8%E7%BD%B2)\n* [版本更新](https://github.com/am-abudu/Qexo/wiki/%E5%A6%82%E4%BD%95%E6%9B%B4%E6%96%B0)\n## 常见问题\n这里汇集了一些常见的问题，如果你遇到同样的问题，请先尝试如下的回答\n### 什么是 API 密钥\n在您完成初始化之后可在设置界面修改/创建 API 密钥，用于 Webhook 中的身份验证。若留空系统会随机生成一个 API 密钥\n### Webhook 是什么\nQexo 中的 Webhook 指 /api/webhook 用于自动化操作，目前可用于自动清除缓存\n### 安装后出现 504 Time out\n1. 您的数据库没有正确配置或没有允许所有 IP 白名单访问，可在 MongoDB 控制台进行修改，修改完成后**一定要重新部署**\n2. 删除并重建数据库，注意区域**一定要选择 AWS / N. Virginia (us-east-1)**\n### 安装/更新后出现 5xx 错误\nQexo 每个 Release 都经过 Dev 分支的测试，一般情况下不会出现较大问题，如果你遇到了500等错误，请尝试以下步骤\n1. 检查数据库配置\n2. 清除浏览器缓存\n3. 在高级设置中点击“修复”按钮\n4. 若无法登录请使用API: yoursite.com/pub/fix?token=&#123;$APIKEY&#125;\n5. 保留数据库配置的环境变量并重新 Fork 仓库部署\n6. 重新部署整个程序\n7. 尝试 Dev 分支\n### AssertionError(&quot;xxx object ... its id attribute is set to None.&quot;)\n请检查你是否曾使用过0.01或0.1版本，这两个版本有严重问题，请重新创建数据库并部署\n### 如何创建子目录下的文章\n在文章名一栏填写 dir/filename 例如您希望创建 source/_posts/about/me.md 则需要输入 about/me\n### KeyError: 'XXX'\n表示并没有获取到 &quot;XXX&quot; 这个环境变量，请根据表格添加后 Redeploy\n| 名称 | 意义 | 示例 |\n| --- | --- | --- |\n| DOMAINS | 你所允许通信的安全域名 注意双引号而且是英文半角 | [&quot;.vercel.app&quot;, &quot;127.0.0.1&quot;, &quot;.yoursite.com&quot;] |\n| MONGODB_HOST | MongoDB 数据库连接地址 | mongodb+srv://cluster0.xxxx.mongodb.net |\n| MONGODB_PORT | MongoDB 数据库通信端口 默认应填写 27017 | 27017 |\n| MONGODB_USER | MongoDB 数据库用户名 | abudu |\n| MONGODB_DB | MongoDB 数据库名 | Cluster0 |\n| MONGODB_PASS | MongoDB 数据库密码 | JWo0xxxxxxxx |\n### Github 配置校验错误\n如果配置中遇到问题，可以访问 [HPP校验助手](https://hexoplusplus.cronfly.workers.dev/?step=start) 自检配置，若确认无误，可检查仓库内是否有已经发布的文章\n\n注意：Github 仓库一定为您 Hexo **自动化部署**所在的仓库\n### Vercel 用量问题\nVercel 的无服务器函数用量对于 Qexo 来说是充裕的，但这依然抵挡不住有心之人的攻击行为，所以要保护好自己后台地址，不过好在 Vercel 不会随意扣费，所以在资源用完之后并不会产生费用，若依然不放心可以考虑部署在自己的服务器上 [#服务器部署#](https://github.com/am-abudu/Qexo/wiki/%E6%9C%8D%E5%8A%A1%E5%99%A8%E9%83%A8%E7%BD%B2)\n### 在线更新失败了\n检查高级设置中的 VERCEL_TOKEN 和 PROJECT_ID 是否正确为 Qexo 的部署项目\n### 其他问题\n如果还有问题，可以发 [issue](https://github.com/am-abudu/Qexo/issues) 或加入 [HexoPlusPlus交流群](https://jq.qq.com/?_wv=1027&amp;k=rAcnhzqK) 询问\n\n## 鸣谢\n- [Ace](https://ace.c9.io/)\n- [Argon-Dashboard-Django](https://github.com/creativetimofficial/argon-dashboard-django)\n- [Bootstrap](https://getbootstrap.com/)\n- [Notyf](https://github.com/caroso1222/notyf)\n- [Django](https://github.com/django/django)\n- [Djongo](https://github.com/nesdis/djongo)\n- [HexoPlusPlus](https://github.com/HexoPlusPlus/HexoPlusPlus)\n- [jQuery](https://jquery.com/)\n- [OnePush](https://github.com/y1ndan/onepush)\n- [Vercel-Python-WSGI](https://github.com/ardnt/vercel-python-wsgi)\n\npip3 install -r requirements.txt\npython manage.py makemigrations\npython manage.py migrate\npython manage.py runserver 127.0.0.1:9999\n\n</code></pre>\n"}],"PostAsset":[],"PostCategory":[],"PostTag":[],"Tag":[]}}